{
  "Flight Occupancy Report" : {
    "transaction" : "Flight Occupancy Report",
    "sampleCount" : 100,
    "errorCount" : 0,
    "errorPct" : 0.0,
    "meanResTime" : 28.840000000000014,
    "medianResTime" : 9.0,
    "minResTime" : 3.0,
    "maxResTime" : 604.0,
    "pct1ResTime" : 80.00000000000017,
    "pct2ResTime" : 196.29999999999984,
    "pct3ResTime" : 600.4899999999982,
    "throughput" : 2.856408352138022,
    "receivedKBytesPerSec" : 37.53579994608529,
    "sentKBytesPerSec" : 0.4044718858007941
  },
  "Total" : {
    "transaction" : "Total",
    "sampleCount" : 1830,
    "errorCount" : 373,
    "errorPct" : 20.382513,
    "meanResTime" : 268.4071038251366,
    "medianResTime" : 263.0,
    "minResTime" : 2.0,
    "maxResTime" : 958.0,
    "pct1ResTime" : 594.9000000000001,
    "pct2ResTime" : 783.3499999999995,
    "pct3ResTime" : 885.69,
    "throughput" : 43.82708657645791,
    "receivedKBytesPerSec" : 115.10160179170158,
    "sentKBytesPerSec" : 8.302149443180458
  },
  "Daily Revenue Report" : {
    "transaction" : "Daily Revenue Report",
    "sampleCount" : 100,
    "errorCount" : 0,
    "errorPct" : 0.0,
    "meanResTime" : 57.299999999999976,
    "medianResTime" : 6.0,
    "minResTime" : 2.0,
    "maxResTime" : 883.0,
    "pct1ResTime" : 158.9,
    "pct2ResTime" : 473.2999999999978,
    "pct3ResTime" : 882.0699999999995,
    "throughput" : 2.837281883955171,
    "receivedKBytesPerSec" : 1.1930437828060718,
    "sentKBytesPerSec" : 0.393451198751596
  },
  "Batch Update Flights" : {
    "transaction" : "Batch Update Flights",
    "sampleCount" : 30,
    "errorCount" : 0,
    "errorPct" : 0.0,
    "meanResTime" : 341.16666666666663,
    "medianResTime" : 329.0,
    "minResTime" : 16.0,
    "maxResTime" : 836.0,
    "pct1ResTime" : 707.6000000000001,
    "pct2ResTime" : 784.8499999999999,
    "pct3ResTime" : 836.0,
    "throughput" : 5.471457231442641,
    "receivedKBytesPerSec" : 1.7579193643990518,
    "sentKBytesPerSec" : 1.345600891391574
  },
  "Search Flights" : {
    "transaction" : "Search Flights",
    "sampleCount" : 500,
    "errorCount" : 0,
    "errorPct" : 0.0,
    "meanResTime" : 93.89399999999986,
    "medianResTime" : 11.0,
    "minResTime" : 3.0,
    "maxResTime" : 888.0,
    "pct1ResTime" : 327.30000000000024,
    "pct2ResTime" : 466.95,
    "pct3ResTime" : 838.7200000000003,
    "throughput" : 24.57727093983484,
    "receivedKBytesPerSec" : 26.012929180593787,
    "sentKBytesPerSec" : 3.7201923785882816
  },
  "Get Flight Seats" : {
    "transaction" : "Get Flight Seats",
    "sampleCount" : 500,
    "errorCount" : 0,
    "errorPct" : 0.0,
    "meanResTime" : 381.1620000000001,
    "medianResTime" : 352.5,
    "minResTime" : 12.0,
    "maxResTime" : 885.0,
    "pct1ResTime" : 650.2000000000013,
    "pct2ResTime" : 799.4999999999999,
    "pct3ResTime" : 858.99,
    "throughput" : 69.36736958934517,
    "receivedKBytesPerSec" : 334.46601757595727,
    "sentKBytesPerSec" : 9.298479120421753
  },
  "Create Booking (Race Condition Test)" : {
    "transaction" : "Create Booking (Race Condition Test)",
    "sampleCount" : 500,
    "errorCount" : 373,
    "errorPct" : 74.6,
    "meanResTime" : 465.7580000000001,
    "medianResTime" : 432.5,
    "minResTime" : 33.0,
    "maxResTime" : 958.0,
    "pct1ResTime" : 812.0,
    "pct2ResTime" : 873.95,
    "pct3ResTime" : 928.97,
    "throughput" : 80.12820512820514,
    "receivedKBytesPerSec" : 27.413392678285255,
    "sentKBytesPerSec" : 24.725341796875
  },
  "Route Performance Report" : {
    "transaction" : "Route Performance Report",
    "sampleCount" : 100,
    "errorCount" : 0,
    "errorPct" : 0.0,
    "meanResTime" : 19.289999999999996,
    "medianResTime" : 7.0,
    "minResTime" : 2.0,
    "maxResTime" : 401.0,
    "pct1ResTime" : 11.900000000000006,
    "pct2ResTime" : 87.49999999999943,
    "pct3ResTime" : 400.8399999999999,
    "throughput" : 2.837201384554276,
    "receivedKBytesPerSec" : 9.33982313595869,
    "sentKBytesPerSec" : 0.40452285365715257
  }
}