{
  "Flight Occupancy Report" : {
    "transaction" : "Flight Occupancy Report",
    "sampleCount" : 100,
    "errorCount" : 100,
    "errorPct" : 100.0,
    "meanResTime" : 108.92999999999999,
    "medianResTime" : 30.0,
    "minResTime" : 11.0,
    "maxResTime" : 880.0,
    "pct1ResTime" : 447.8000000000004,
    "pct2ResTime" : 640.5999999999992,
    "pct3ResTime" : 878.7899999999994,
    "throughput" : 2.654702806020866,
    "receivedKBytesPerSec" : 0.837372076508535,
    "sentKBytesPerSec" : 0.37591006530568905
  },
  "Total" : {
    "transaction" : "Total",
    "sampleCount" : 1830,
    "errorCount" : 680,
    "errorPct" : 37.15847,
    "meanResTime" : 330.5071038251366,
    "medianResTime" : 341.0,
    "minResTime" : 3.0,
    "maxResTime" : 1528.0,
    "pct1ResTime" : 652.9000000000001,
    "pct2ResTime" : 873.4499999999998,
    "pct3ResTime" : 1106.0,
    "throughput" : 43.11258746201145,
    "receivedKBytesPerSec" : 63.20641862940843,
    "sentKBytesPerSec" : 8.164685519589135
  },
  "Daily Revenue Report" : {
    "transaction" : "Daily Revenue Report",
    "sampleCount" : 100,
    "errorCount" : 100,
    "errorPct" : 100.0,
    "meanResTime" : 155.16000000000003,
    "medianResTime" : 29.0,
    "minResTime" : 10.0,
    "maxResTime" : 1348.0,
    "pct1ResTime" : 583.2,
    "pct2ResTime" : 804.4499999999994,
    "pct3ResTime" : 1345.899999999999,
    "throughput" : 2.7176128488735496,
    "receivedKBytesPerSec" : 0.8572157716661685,
    "sentKBytesPerSec" : 0.37685646927738675
  },
  "Batch Update Flights" : {
    "transaction" : "Batch Update Flights",
    "sampleCount" : 30,
    "errorCount" : 0,
    "errorPct" : 0.0,
    "meanResTime" : 432.63333333333327,
    "medianResTime" : 431.0,
    "minResTime" : 42.0,
    "maxResTime" : 1261.0,
    "pct1ResTime" : 924.1000000000001,
    "pct2ResTime" : 1125.6999999999998,
    "pct3ResTime" : 1261.0,
    "throughput" : 5.3125553391181155,
    "receivedKBytesPerSec" : 1.706865924384629,
    "sentKBytesPerSec" : 1.3063490570214273
  },
  "Search Flights" : {
    "transaction" : "Search Flights",
    "sampleCount" : 500,
    "errorCount" : 0,
    "errorPct" : 0.0,
    "meanResTime" : 135.48200000000006,
    "medianResTime" : 12.0,
    "minResTime" : 3.0,
    "maxResTime" : 1277.0,
    "pct1ResTime" : 453.90000000000003,
    "pct2ResTime" : 507.95,
    "pct3ResTime" : 974.4700000000005,
    "throughput" : 24.81635894381576,
    "receivedKBytesPerSec" : 6.470671716795712,
    "sentKBytesPerSec" : 3.756382457315863
  },
  "Get Flight Seats" : {
    "transaction" : "Get Flight Seats",
    "sampleCount" : 500,
    "errorCount" : 0,
    "errorPct" : 0.0,
    "meanResTime" : 468.1020000000005,
    "medianResTime" : 449.5,
    "minResTime" : 76.0,
    "maxResTime" : 1528.0,
    "pct1ResTime" : 828.8000000000001,
    "pct2ResTime" : 938.0,
    "pct3ResTime" : 1223.7600000000002,
    "throughput" : 65.33385600418137,
    "receivedKBytesPerSec" : 297.58984426042076,
    "sentKBytesPerSec" : 8.757926834248007
  },
  "Create Booking (Race Condition Test)" : {
    "transaction" : "Create Booking (Race Condition Test)",
    "sampleCount" : 500,
    "errorCount" : 380,
    "errorPct" : 76.0,
    "meanResTime" : 512.487999999999,
    "medianResTime" : 499.0,
    "minResTime" : 66.0,
    "maxResTime" : 1145.0,
    "pct1ResTime" : 698.9000000000001,
    "pct2ResTime" : 1013.8499999999999,
    "pct3ResTime" : 1106.0,
    "throughput" : 79.93605115907273,
    "receivedKBytesPerSec" : 27.310807603916867,
    "sentKBytesPerSec" : 24.651684902078337
  },
  "Route Performance Report" : {
    "transaction" : "Route Performance Report",
    "sampleCount" : 100,
    "errorCount" : 100,
    "errorPct" : 100.0,
    "meanResTime" : 74.03999999999999,
    "medianResTime" : 28.0,
    "minResTime" : 11.0,
    "maxResTime" : 738.0,
    "pct1ResTime" : 99.9,
    "pct2ResTime" : 632.2999999999992,
    "pct3ResTime" : 737.89,
    "throughput" : 2.724350242467172,
    "receivedKBytesPerSec" : 0.859340945621969,
    "sentKBytesPerSec" : 0.38843274941426464
  }
}